               epoch,      train/box_loss,      train/obj_loss,      train/cls_loss,   metrics/precision,      metrics/recall,     metrics/mAP_0.5,metrics/mAP_0.5:0.95,        val/box_loss,        val/obj_loss,        val/cls_loss,               x/lr0,               x/lr1,               x/lr2
                   0,            0.085472,             0.02982,            0.034969,           0.0025555,             0.14896,           0.0044467,           0.0011657,            0.076308,            0.016992,            0.027396,            0.070294,           0.0033007,           0.0033007
                   1,            0.069395,            0.029488,            0.027485,             0.44497,             0.15735,            0.053213,            0.016009,            0.065695,            0.014277,            0.025781,            0.040272,           0.0066121,           0.0066121
                   2,            0.063501,            0.025372,            0.024738,             0.65597,             0.10022,             0.05663,            0.017894,            0.060687,            0.013689,            0.022777,            0.010228,           0.0099015,           0.0099015
                   3,            0.058092,             0.02489,            0.021363,             0.59907,             0.16935,             0.15329,            0.048178,            0.054458,            0.013048,            0.019231,            0.009901,            0.009901,            0.009901
                   4,            0.052849,            0.024835,            0.017482,             0.71007,             0.24547,             0.28994,             0.11953,            0.050994,            0.012288,            0.015501,            0.009901,            0.009901,            0.009901
                   5,            0.050918,            0.023084,            0.015068,             0.44541,             0.39385,             0.35836,             0.15199,            0.045896,            0.012433,            0.013227,            0.009868,            0.009868,            0.009868
                   6,            0.049088,            0.022888,            0.012816,             0.46861,             0.45344,             0.42289,             0.17936,            0.044597,              0.0119,            0.010982,            0.009835,            0.009835,            0.009835
                   7,             0.04756,             0.02232,            0.011123,             0.56912,             0.49795,             0.52806,             0.22129,             0.04566,            0.011081,           0.0092263,            0.009802,            0.009802,            0.009802
                   8,            0.045969,             0.02136,           0.0099473,             0.56666,             0.57548,              0.5845,              0.2591,            0.042516,            0.010705,           0.0066902,            0.009769,            0.009769,            0.009769
                   9,            0.045192,             0.02162,           0.0088744,             0.67026,             0.52496,             0.62918,             0.29228,            0.041082,            0.011302,           0.0070433,            0.009736,            0.009736,            0.009736
                  10,            0.044158,            0.020829,           0.0077991,             0.64743,             0.60995,             0.63132,             0.30485,            0.040073,            0.010682,           0.0063345,            0.009703,            0.009703,            0.009703
                  11,             0.04297,            0.020319,            0.007762,             0.70588,             0.65214,             0.70482,             0.33839,            0.040812,             0.01031,           0.0053616,             0.00967,             0.00967,             0.00967
                  12,            0.043449,            0.020382,           0.0071283,             0.63196,             0.72218,             0.67663,              0.3159,            0.040758,            0.010474,           0.0051042,            0.009637,            0.009637,            0.009637
                  13,            0.042717,            0.019751,            0.006443,             0.75472,             0.68012,             0.73356,             0.33393,            0.040388,            0.010077,           0.0053587,            0.009604,            0.009604,            0.009604
                  14,            0.041154,            0.019504,           0.0058805,             0.71995,             0.66844,             0.72024,              0.3458,            0.040827,           0.0098562,           0.0051973,            0.009571,            0.009571,            0.009571
                  15,            0.041024,            0.019536,           0.0057132,             0.70266,             0.72121,             0.73456,             0.36956,            0.039103,            0.010457,           0.0046485,            0.009538,            0.009538,            0.009538
                  16,            0.040238,            0.019237,           0.0051065,             0.72788,             0.74206,             0.75426,             0.37338,            0.037373,           0.0097052,           0.0040847,            0.009505,            0.009505,            0.009505
                  17,            0.040329,             0.01889,           0.0052268,             0.74066,             0.74789,             0.76982,             0.36765,            0.038242,           0.0095543,           0.0041315,            0.009472,            0.009472,            0.009472
                  18,            0.039214,            0.018453,           0.0055158,             0.73307,             0.77507,              0.7694,             0.39589,             0.03927,           0.0096073,           0.0045357,            0.009439,            0.009439,            0.009439
                  19,            0.039241,            0.018313,           0.0047755,             0.75882,             0.76021,             0.78064,             0.41204,            0.036287,           0.0094351,           0.0035019,            0.009406,            0.009406,            0.009406
                  20,            0.038461,            0.018372,           0.0048607,             0.77112,              0.7592,             0.79798,             0.40933,            0.036749,            0.009459,           0.0037275,            0.009373,            0.009373,            0.009373
                  21,            0.038663,            0.018433,           0.0044675,             0.77939,             0.79462,             0.79891,             0.40016,            0.036782,           0.0093205,           0.0037944,             0.00934,             0.00934,             0.00934
                  22,             0.03711,            0.018614,           0.0045838,              0.8345,             0.79543,             0.83032,             0.43382,              0.0352,           0.0092152,           0.0035254,            0.009307,            0.009307,            0.009307
                  23,            0.037334,            0.017855,           0.0038336,             0.82597,             0.79366,             0.82192,             0.41699,            0.035394,           0.0093016,           0.0033768,            0.009274,            0.009274,            0.009274
                  24,            0.037352,            0.018276,           0.0042984,             0.81362,             0.78171,             0.80154,             0.40358,            0.035936,           0.0092715,           0.0031197,            0.009241,            0.009241,            0.009241
                  25,            0.036527,            0.017655,           0.0038272,             0.77784,             0.77167,             0.79442,             0.42645,            0.035901,           0.0091419,           0.0031073,            0.009208,            0.009208,            0.009208
                  26,            0.036429,            0.018029,           0.0040229,             0.81241,             0.81483,             0.82824,             0.42992,            0.034873,           0.0089612,           0.0030454,            0.009175,            0.009175,            0.009175
                  27,            0.036217,            0.018022,           0.0039893,             0.81014,             0.81638,              0.8192,              0.4313,            0.034671,           0.0089703,           0.0028925,            0.009142,            0.009142,            0.009142
                  28,            0.035657,            0.017226,           0.0038558,             0.81073,             0.80563,             0.83156,             0.44857,            0.035067,           0.0088429,           0.0029539,            0.009109,            0.009109,            0.009109
                  29,            0.035332,            0.017077,           0.0037699,             0.83854,             0.81527,             0.82812,             0.42284,            0.034343,           0.0089001,           0.0025441,            0.009076,            0.009076,            0.009076
                  30,            0.035009,            0.017014,            0.003683,             0.85384,             0.81107,             0.83726,             0.43935,            0.033957,           0.0087151,           0.0020793,            0.009043,            0.009043,            0.009043
                  31,            0.035004,            0.017282,           0.0032385,             0.78462,             0.81406,             0.79732,             0.39516,            0.034542,           0.0087226,            0.002703,             0.00901,             0.00901,             0.00901
                  32,            0.034926,            0.016894,           0.0034303,             0.85336,             0.82432,              0.8423,             0.46897,            0.032943,           0.0087126,           0.0023335,            0.008977,            0.008977,            0.008977
                  33,            0.034123,             0.01669,           0.0032905,             0.85029,             0.85206,             0.85573,             0.45926,            0.034215,            0.008694,           0.0023109,            0.008944,            0.008944,            0.008944
                  34,            0.033777,            0.017035,           0.0033908,             0.85877,             0.83553,             0.86153,             0.48445,             0.03338,            0.008641,           0.0023257,            0.008911,            0.008911,            0.008911
                  35,            0.034305,            0.016722,           0.0028239,             0.86336,             0.83611,             0.85929,             0.45871,            0.033894,           0.0085116,           0.0024084,            0.008878,            0.008878,            0.008878
                  36,            0.033047,            0.016776,           0.0031819,             0.83567,             0.84139,             0.85789,             0.47521,             0.03243,            0.008593,           0.0021241,            0.008845,            0.008845,            0.008845
                  37,            0.033801,            0.016847,           0.0032844,             0.85094,             0.86959,             0.86372,             0.47898,            0.032435,           0.0086181,           0.0020496,            0.008812,            0.008812,            0.008812
                  38,            0.033095,             0.01635,           0.0030643,             0.84485,             0.83356,             0.85591,             0.47017,            0.032541,           0.0085253,           0.0020582,            0.008779,            0.008779,            0.008779
                  39,            0.033235,            0.015827,           0.0030374,             0.85696,             0.84534,             0.85969,             0.47727,            0.032355,            0.008319,           0.0022328,            0.008746,            0.008746,            0.008746
                  40,            0.033186,             0.01656,           0.0027913,             0.85407,             0.82646,             0.85461,             0.46864,            0.032275,           0.0084075,           0.0021541,            0.008713,            0.008713,            0.008713
                  41,            0.032365,            0.016026,           0.0027544,             0.85257,             0.81121,             0.81352,             0.45259,            0.032361,           0.0083841,           0.0018708,             0.00868,             0.00868,             0.00868
                  42,            0.032221,            0.016117,           0.0025614,              0.8576,             0.86326,             0.86828,             0.48316,            0.031719,           0.0086582,            0.002167,            0.008647,            0.008647,            0.008647
                  43,            0.031726,            0.015725,           0.0026433,             0.87303,             0.83983,             0.86691,              0.4981,            0.032355,           0.0085529,            0.002232,            0.008614,            0.008614,            0.008614
                  44,            0.032272,            0.015914,           0.0024424,             0.87566,             0.86561,             0.86982,             0.49241,            0.031655,           0.0084202,           0.0019824,            0.008581,            0.008581,            0.008581
                  45,            0.031776,            0.015877,           0.0027221,             0.86802,             0.84751,             0.87263,             0.48829,            0.031829,           0.0084991,           0.0021634,            0.008548,            0.008548,            0.008548
                  46,            0.031398,             0.01575,            0.002829,             0.84496,             0.84154,             0.85256,             0.47272,            0.031911,           0.0084104,           0.0019769,            0.008515,            0.008515,            0.008515
                  47,            0.031456,            0.015621,           0.0025377,             0.88293,             0.83778,             0.86772,             0.48209,            0.031343,           0.0085192,           0.0021489,            0.008482,            0.008482,            0.008482
                  48,            0.031692,            0.015513,           0.0024391,             0.88072,             0.85197,             0.86094,             0.47916,             0.03151,            0.008484,           0.0019905,            0.008449,            0.008449,            0.008449
                  49,            0.031561,            0.015528,           0.0023509,             0.88047,             0.85612,             0.87332,             0.50529,            0.031432,           0.0083651,           0.0020324,            0.008416,            0.008416,            0.008416
                  50,            0.031041,            0.015568,           0.0027008,             0.86359,             0.86623,             0.87631,             0.50175,            0.031487,           0.0083831,           0.0020595,            0.008383,            0.008383,            0.008383
                  51,            0.031411,            0.015888,            0.002784,             0.86864,              0.8421,             0.87454,             0.50667,            0.030952,           0.0082538,           0.0020812,             0.00835,             0.00835,             0.00835
                  52,            0.031413,            0.015676,           0.0023534,             0.89431,             0.83904,             0.86517,             0.48664,             0.03153,           0.0082837,           0.0020106,            0.008317,            0.008317,            0.008317
                  53,            0.030646,            0.015438,           0.0024395,             0.87006,             0.85079,             0.85833,               0.477,            0.031598,           0.0083433,            0.002132,            0.008284,            0.008284,            0.008284
                  54,             0.03074,            0.015109,           0.0024312,               0.876,              0.8548,              0.8672,              0.4943,            0.031229,           0.0083152,           0.0019329,            0.008251,            0.008251,            0.008251
                  55,            0.030395,            0.015235,           0.0022168,             0.89121,             0.85927,             0.88535,             0.48232,            0.030953,           0.0082939,            0.001924,            0.008218,            0.008218,            0.008218
                  56,            0.030567,            0.015036,           0.0026582,             0.86063,             0.88019,             0.87507,             0.50433,            0.030863,           0.0083461,           0.0021818,            0.008185,            0.008185,            0.008185
                  57,            0.030525,            0.015402,           0.0025052,             0.86288,             0.87258,             0.86499,             0.48991,            0.031381,           0.0085752,           0.0018708,            0.008152,            0.008152,            0.008152
                  58,             0.02977,            0.015319,           0.0022647,             0.87695,             0.84331,              0.8846,             0.49469,            0.030839,           0.0082351,           0.0021984,            0.008119,            0.008119,            0.008119
                  59,            0.029719,             0.01513,            0.002267,             0.88576,             0.85227,             0.87145,             0.46956,            0.031563,           0.0083615,           0.0018136,            0.008086,            0.008086,            0.008086
                  60,            0.029907,            0.015061,           0.0022438,             0.85243,             0.87241,             0.87042,             0.48862,            0.030997,           0.0083212,           0.0019149,            0.008053,            0.008053,            0.008053
                  61,            0.029634,            0.014975,           0.0020029,              0.8884,             0.85946,             0.88205,             0.49244,            0.031151,           0.0082556,           0.0019919,             0.00802,             0.00802,             0.00802
                  62,            0.029232,            0.014411,           0.0020276,             0.88814,             0.88114,             0.88056,             0.49096,            0.031256,           0.0081095,           0.0018862,            0.007987,            0.007987,            0.007987
                  63,            0.029343,            0.014564,           0.0021489,             0.85731,             0.87112,             0.86921,             0.49493,            0.031311,           0.0081892,           0.0017511,            0.007954,            0.007954,            0.007954
                  64,            0.029138,            0.014738,            0.002062,             0.87622,             0.88242,             0.88717,             0.50542,            0.030757,           0.0082148,           0.0019664,            0.007921,            0.007921,            0.007921
                  65,            0.029268,            0.014602,           0.0020343,             0.87795,             0.87132,             0.88186,             0.51117,            0.030579,           0.0081874,           0.0017995,            0.007888,            0.007888,            0.007888
                  66,            0.029064,            0.014574,           0.0020317,             0.87814,             0.86801,             0.87479,             0.50485,            0.030354,             0.00835,           0.0021458,            0.007855,            0.007855,            0.007855
                  67,            0.029228,            0.014316,           0.0020858,              0.8862,             0.86366,             0.87915,             0.50522,             0.03067,           0.0085542,           0.0021497,            0.007822,            0.007822,            0.007822
                  68,            0.028691,             0.01465,           0.0020323,             0.87148,             0.84939,             0.87347,             0.49615,            0.030664,            0.008331,           0.0019832,            0.007789,            0.007789,            0.007789
                  69,            0.028954,            0.014871,           0.0025333,             0.88196,             0.87391,             0.87871,             0.48688,            0.031163,           0.0082191,           0.0021011,            0.007756,            0.007756,            0.007756
                  70,            0.029011,            0.014383,           0.0018119,             0.89437,             0.85531,             0.87566,              0.5052,            0.030481,           0.0083843,           0.0019508,            0.007723,            0.007723,            0.007723
                  71,            0.028863,             0.01432,            0.001864,             0.88005,             0.88095,             0.88075,             0.48695,            0.030661,           0.0080969,           0.0019644,             0.00769,             0.00769,             0.00769
                  72,            0.028865,            0.014437,           0.0022037,             0.88433,             0.85644,             0.86927,             0.49953,            0.029922,           0.0082544,           0.0019093,            0.007657,            0.007657,            0.007657
                  73,            0.028762,            0.014423,            0.002026,             0.88697,             0.86695,             0.89129,             0.51475,            0.030081,           0.0081723,           0.0018203,            0.007624,            0.007624,            0.007624
                  74,            0.028061,             0.01386,           0.0018144,             0.87088,              0.8826,             0.89145,             0.51699,            0.030213,            0.008075,           0.0018634,            0.007591,            0.007591,            0.007591
                  75,            0.028379,             0.01394,           0.0018587,             0.86994,             0.87953,             0.87476,             0.49357,            0.030661,           0.0082349,           0.0018065,            0.007558,            0.007558,            0.007558
                  76,            0.028153,            0.014425,           0.0019525,             0.88405,             0.86914,             0.88742,             0.50182,             0.03036,           0.0080988,           0.0018954,            0.007525,            0.007525,            0.007525
                  77,            0.028305,            0.013864,           0.0017358,             0.88007,             0.87381,              0.8802,             0.50597,            0.030542,           0.0082469,           0.0016667,            0.007492,            0.007492,            0.007492
                  78,            0.027472,            0.013634,           0.0015509,             0.88202,             0.86126,             0.87568,             0.50737,             0.03058,           0.0080784,           0.0019091,            0.007459,            0.007459,            0.007459
                  79,            0.027746,            0.013706,           0.0018198,             0.87592,             0.85452,             0.87585,             0.49852,            0.030098,           0.0081154,           0.0018761,            0.007426,            0.007426,            0.007426
                  80,            0.027482,              0.0135,           0.0019414,              0.8756,              0.8802,             0.88486,             0.50735,            0.029957,           0.0081537,            0.001888,            0.007393,            0.007393,            0.007393
                  81,            0.027356,            0.013954,           0.0019552,             0.85439,             0.89573,             0.88221,             0.50613,             0.02995,           0.0082217,             0.00189,             0.00736,             0.00736,             0.00736
                  82,            0.027656,            0.014024,           0.0019606,             0.88865,             0.86396,             0.89125,             0.50848,            0.030174,           0.0080304,           0.0018483,            0.007327,            0.007327,            0.007327
                  83,            0.027015,            0.013642,           0.0018143,             0.88612,             0.86561,             0.87502,             0.52438,            0.029716,           0.0083008,           0.0016946,            0.007294,            0.007294,            0.007294
                  84,            0.027022,            0.013631,            0.001548,             0.88944,             0.86936,             0.87781,              0.5072,            0.030072,           0.0083269,           0.0016622,            0.007261,            0.007261,            0.007261
                  85,             0.02729,             0.01382,           0.0018082,               0.894,             0.86977,             0.88192,             0.50672,            0.030201,           0.0083014,           0.0016088,            0.007228,            0.007228,            0.007228
                  86,            0.026954,            0.013278,           0.0015246,              0.8944,              0.8707,             0.88851,             0.51478,            0.029987,           0.0082364,           0.0016867,            0.007195,            0.007195,            0.007195
                  87,             0.02682,            0.013425,           0.0016201,             0.87008,             0.88583,             0.88762,              0.5137,            0.030093,            0.008132,           0.0017152,            0.007162,            0.007162,            0.007162
                  88,            0.026617,            0.014021,           0.0018422,             0.89613,             0.86605,             0.89669,             0.51763,            0.029481,           0.0081268,            0.001584,            0.007129,            0.007129,            0.007129
                  89,            0.027118,            0.013302,           0.0016408,             0.89197,             0.84949,             0.87987,             0.51109,            0.029701,           0.0082048,           0.0016849,            0.007096,            0.007096,            0.007096
                  90,            0.026672,            0.013653,           0.0015201,             0.88754,             0.85559,             0.88016,             0.51292,            0.029495,           0.0082011,           0.0018559,            0.007063,            0.007063,            0.007063
                  91,            0.026795,            0.013361,           0.0015542,             0.89024,             0.86019,             0.87905,             0.49709,             0.03032,           0.0083772,           0.0016525,             0.00703,             0.00703,             0.00703
                  92,            0.026934,            0.013492,           0.0015608,             0.86659,             0.87387,             0.87646,              0.5088,            0.029941,           0.0081594,            0.001907,            0.006997,            0.006997,            0.006997
                  93,            0.026307,            0.013725,            0.001443,             0.88436,             0.88377,             0.88999,             0.53053,            0.029207,           0.0081792,           0.0019895,            0.006964,            0.006964,            0.006964
                  94,            0.026052,            0.013318,            0.001431,               0.887,             0.87217,             0.88377,             0.50748,            0.029735,           0.0082983,           0.0017881,            0.006931,            0.006931,            0.006931
                  95,            0.025807,            0.013149,           0.0018297,             0.88371,             0.87275,             0.87894,             0.49909,            0.030112,           0.0082456,            0.001704,            0.006898,            0.006898,            0.006898
                  96,            0.026399,            0.013466,           0.0016338,             0.87963,             0.88203,             0.88276,             0.52542,            0.029922,            0.008384,            0.001786,            0.006865,            0.006865,            0.006865
                  97,            0.026166,            0.012986,           0.0014549,             0.87185,             0.88498,             0.88488,             0.51101,            0.029704,           0.0083273,           0.0017513,            0.006832,            0.006832,            0.006832
                  98,            0.025777,            0.013081,           0.0013486,             0.87421,             0.87426,              0.8718,             0.52033,            0.029719,           0.0082329,           0.0016601,            0.006799,            0.006799,            0.006799
                  99,             0.02584,            0.013064,           0.0015722,             0.89347,             0.86059,             0.88114,             0.51488,            0.029751,           0.0083472,           0.0018097,            0.006766,            0.006766,            0.006766
                 100,            0.025357,             0.01293,           0.0015584,             0.89557,             0.87128,             0.87517,             0.51983,            0.029473,           0.0081785,           0.0017652,            0.006733,            0.006733,            0.006733
                 101,            0.026146,            0.012743,           0.0014521,             0.88633,             0.87668,             0.87823,             0.51978,            0.029251,           0.0080413,            0.001642,              0.0067,              0.0067,              0.0067
                 102,            0.025732,            0.012461,           0.0013689,             0.86539,             0.88635,             0.87441,             0.51672,             0.02991,           0.0080986,           0.0016254,            0.006667,            0.006667,            0.006667
                 103,            0.025258,            0.012523,           0.0011646,             0.89286,             0.86293,             0.88141,             0.53023,            0.029388,           0.0080113,           0.0017117,            0.006634,            0.006634,            0.006634
                 104,            0.025438,            0.012777,           0.0016066,             0.88393,             0.87311,             0.88056,             0.51517,            0.030199,           0.0081065,           0.0017167,            0.006601,            0.006601,            0.006601
                 105,            0.025388,            0.012807,           0.0014947,             0.89541,             0.86201,             0.88246,             0.52435,             0.02897,           0.0079949,            0.001759,            0.006568,            0.006568,            0.006568
                 106,            0.025372,            0.013144,           0.0014579,              0.8852,             0.87724,             0.88613,              0.5263,            0.029398,           0.0081299,           0.0017855,            0.006535,            0.006535,            0.006535
                 107,             0.02521,            0.012669,           0.0012063,             0.88955,             0.86285,             0.88913,             0.52685,            0.029548,           0.0081545,           0.0018598,            0.006502,            0.006502,            0.006502
                 108,            0.025258,            0.012989,           0.0011514,             0.88897,              0.8766,             0.87893,             0.51687,            0.029639,           0.0081051,           0.0017743,            0.006469,            0.006469,            0.006469
                 109,            0.024705,            0.012745,           0.0014002,             0.90245,             0.87299,             0.88111,             0.52638,             0.02912,           0.0080308,           0.0017161,            0.006436,            0.006436,            0.006436
                 110,            0.025283,            0.012968,           0.0012601,             0.89022,             0.88418,             0.89314,              0.5352,            0.028613,           0.0079146,           0.0016683,            0.006403,            0.006403,            0.006403
                 111,            0.025032,            0.013052,           0.0013613,             0.89138,              0.8902,             0.89683,             0.52608,             0.02896,           0.0081638,           0.0016223,             0.00637,             0.00637,             0.00637
                 112,            0.024561,             0.01261,           0.0013385,             0.89545,             0.87965,             0.89623,             0.52764,            0.029394,            0.008071,           0.0016631,            0.006337,            0.006337,            0.006337
                 113,            0.024424,            0.012403,            0.001526,             0.88511,             0.87586,             0.89151,             0.53123,            0.029118,           0.0081558,           0.0016818,            0.006304,            0.006304,            0.006304
                 114,             0.02461,             0.01224,           0.0011754,              0.8955,             0.86997,             0.88629,             0.52161,            0.029533,            0.008338,           0.0016994,            0.006271,            0.006271,            0.006271
                 115,            0.025039,            0.012722,            0.001262,             0.88228,             0.88084,              0.8833,             0.52784,            0.029609,            0.008339,           0.0017433,            0.006238,            0.006238,            0.006238
                 116,            0.024969,            0.012499,           0.0013883,             0.89246,             0.87517,             0.88848,             0.52715,            0.029211,           0.0083515,           0.0019911,            0.006205,            0.006205,            0.006205
                 117,            0.024447,            0.012563,           0.0014037,             0.87844,             0.88599,             0.87399,             0.52729,            0.029386,           0.0084182,           0.0021128,            0.006172,            0.006172,            0.006172
                 118,            0.024259,            0.012677,           0.0011944,             0.89113,             0.87294,             0.87401,              0.5195,            0.029726,           0.0083175,           0.0019297,            0.006139,            0.006139,            0.006139
                 119,            0.024392,            0.012566,           0.0011377,             0.88771,             0.86841,             0.89047,             0.52666,            0.029175,           0.0081558,           0.0019911,            0.006106,            0.006106,            0.006106
                 120,            0.023987,            0.012439,           0.0013217,              0.8957,             0.87621,             0.88278,             0.52886,            0.028875,           0.0084544,           0.0017947,            0.006073,            0.006073,            0.006073
                 121,            0.024134,            0.012865,            0.001514,             0.88743,             0.87614,             0.88633,             0.52424,            0.029184,           0.0082837,           0.0021573,             0.00604,             0.00604,             0.00604
                 122,             0.02412,             0.01256,           0.0013494,             0.88583,              0.8619,             0.87833,             0.51743,            0.029263,           0.0083593,           0.0019254,            0.006007,            0.006007,            0.006007
                 123,            0.024125,            0.011989,           0.0013064,             0.89267,             0.86334,             0.86953,             0.51614,            0.029292,           0.0083724,           0.0019853,            0.005974,            0.005974,            0.005974
                 124,            0.023799,            0.012394,           0.0011758,             0.88493,             0.87458,             0.86957,             0.51836,            0.029154,            0.008483,           0.0017378,            0.005941,            0.005941,            0.005941
                 125,            0.023867,            0.012193,           0.0012391,             0.89849,             0.88316,             0.88791,             0.53295,            0.029055,           0.0083611,           0.0018698,            0.005908,            0.005908,            0.005908
                 126,            0.023447,            0.012247,           0.0011678,             0.89102,             0.86636,             0.88082,             0.53074,             0.02887,           0.0084717,           0.0020576,            0.005875,            0.005875,            0.005875
                 127,            0.023133,            0.011863,           0.0011888,             0.88442,             0.87692,             0.88421,             0.52985,            0.029191,           0.0083405,           0.0017342,            0.005842,            0.005842,            0.005842
                 128,            0.023737,            0.012281,           0.0010733,              0.8984,             0.86678,             0.88785,             0.52074,            0.029208,           0.0084002,           0.0019251,            0.005809,            0.005809,            0.005809
                 129,            0.023389,             0.01221,           0.0011196,             0.89952,              0.8724,             0.89121,             0.52851,            0.029256,           0.0081082,           0.0017365,            0.005776,            0.005776,            0.005776
                 130,            0.023251,            0.011967,            0.001358,             0.89493,             0.87346,               0.885,             0.52326,            0.029343,           0.0082983,           0.0019588,            0.005743,            0.005743,            0.005743
                 131,            0.023198,            0.011772,            0.001138,             0.90227,              0.8725,              0.8863,             0.52985,            0.029536,           0.0084144,           0.0018588,             0.00571,             0.00571,             0.00571
                 132,            0.023411,            0.011802,           0.0010534,             0.90151,             0.88064,             0.89533,             0.53134,            0.029229,           0.0084321,           0.0019849,            0.005677,            0.005677,            0.005677
                 133,            0.023474,            0.011939,          0.00091271,             0.89136,             0.88029,             0.90117,             0.53119,            0.029202,           0.0084206,           0.0019321,            0.005644,            0.005644,            0.005644
                 134,            0.023138,            0.011846,           0.0012913,             0.89118,             0.87719,             0.87758,             0.52824,            0.029049,           0.0085009,           0.0019398,            0.005611,            0.005611,            0.005611
                 135,              0.0232,            0.012156,           0.0013829,             0.88641,             0.88505,             0.88589,             0.52901,            0.028859,            0.008568,           0.0016689,            0.005578,            0.005578,            0.005578
                 136,            0.023426,            0.012002,           0.0011105,             0.88954,             0.88048,             0.87774,             0.52764,            0.029212,           0.0085248,           0.0016502,            0.005545,            0.005545,            0.005545
                 137,            0.022812,            0.011598,           0.0009578,             0.89213,             0.87905,             0.87572,              0.5241,            0.029434,           0.0085772,           0.0018492,            0.005512,            0.005512,            0.005512
                 138,            0.022728,            0.011717,           0.0011086,             0.90155,             0.88052,             0.89378,             0.52887,            0.029406,           0.0085344,           0.0015413,            0.005479,            0.005479,            0.005479
                 139,            0.022513,            0.011167,          0.00098919,              0.8932,             0.88238,             0.88841,             0.52548,            0.028968,           0.0085607,           0.0015083,            0.005446,            0.005446,            0.005446
                 140,            0.022414,            0.011334,           0.0010748,             0.88537,             0.88143,             0.89002,             0.53318,             0.02911,           0.0085517,            0.001768,            0.005413,            0.005413,            0.005413
                 141,              0.0223,            0.011697,           0.0010545,             0.89786,             0.86642,             0.88284,             0.52077,            0.029182,           0.0085083,           0.0017357,             0.00538,             0.00538,             0.00538
                 142,             0.02219,            0.011141,          0.00094391,             0.89911,             0.87843,             0.88344,              0.5235,            0.029337,           0.0085654,           0.0017654,            0.005347,            0.005347,            0.005347
                 143,            0.022193,            0.011483,           0.0010017,             0.90289,             0.86685,             0.88399,             0.52141,            0.029261,           0.0086781,           0.0018921,            0.005314,            0.005314,            0.005314
                 144,            0.022209,            0.011473,           0.0010631,             0.89709,             0.86958,             0.87333,             0.51841,            0.029143,           0.0086466,           0.0018012,            0.005281,            0.005281,            0.005281
                 145,            0.022114,            0.011271,           0.0010036,             0.88703,             0.87506,             0.87993,              0.5265,            0.029048,           0.0085404,           0.0018586,            0.005248,            0.005248,            0.005248
                 146,            0.022232,             0.01161,          0.00090007,               0.875,             0.89264,             0.87973,             0.52349,            0.029383,           0.0087166,           0.0018656,            0.005215,            0.005215,            0.005215
                 147,            0.021633,            0.011232,          0.00090324,             0.89629,             0.86153,             0.87465,             0.52787,            0.028939,           0.0086121,           0.0016883,            0.005182,            0.005182,            0.005182
                 148,            0.021479,            0.011027,          0.00098891,              0.8887,              0.8699,              0.8818,              0.5257,              0.0293,           0.0086446,           0.0017923,            0.005149,            0.005149,            0.005149
                 149,            0.022192,            0.011293,          0.00093294,             0.88091,             0.88394,             0.88068,             0.52375,            0.029526,           0.0087842,            0.001886,            0.005116,            0.005116,            0.005116
                 150,            0.021882,            0.010974,          0.00082601,             0.90268,             0.87867,             0.88335,             0.52105,            0.029855,           0.0086476,           0.0017088,            0.005083,            0.005083,            0.005083
                 151,            0.021374,            0.010939,          0.00090362,             0.90033,             0.87178,             0.88238,             0.53171,            0.028905,            0.008504,           0.0016828,             0.00505,             0.00505,             0.00505
                 152,            0.021583,            0.011011,          0.00092396,             0.89561,             0.86202,             0.87279,             0.51925,            0.029143,           0.0087331,           0.0017417,            0.005017,            0.005017,            0.005017
                 153,            0.021245,            0.010954,          0.00087324,             0.89394,             0.87755,             0.88332,             0.53385,            0.028926,           0.0085445,           0.0015922,            0.004984,            0.004984,            0.004984
                 154,            0.021796,            0.010894,          0.00083273,             0.88787,             0.87632,              0.8878,             0.52081,            0.029201,           0.0084957,           0.0015637,            0.004951,            0.004951,            0.004951
                 155,            0.021115,            0.010433,          0.00076896,             0.88223,             0.87828,             0.86937,             0.52206,            0.029047,           0.0085344,           0.0015846,            0.004918,            0.004918,            0.004918
                 156,            0.020775,            0.010462,          0.00070475,             0.88009,             0.88065,             0.87558,             0.52847,            0.029499,           0.0084887,           0.0015887,            0.004885,            0.004885,            0.004885
                 157,            0.021198,             0.01101,          0.00096777,             0.89063,             0.86796,             0.87995,             0.52732,            0.029358,           0.0086061,           0.0016807,            0.004852,            0.004852,            0.004852
                 158,            0.021426,            0.010857,          0.00084583,             0.88781,             0.88094,             0.88031,             0.53641,            0.028923,           0.0083807,           0.0017385,            0.004819,            0.004819,            0.004819
                 159,            0.021136,            0.011126,          0.00088546,              0.8895,             0.88245,              0.8782,              0.5264,            0.029313,           0.0084944,           0.0016597,            0.004786,            0.004786,            0.004786
                 160,            0.020908,            0.010684,          0.00079923,             0.88874,             0.87253,             0.87266,              0.5212,            0.029821,           0.0087338,           0.0016571,            0.004753,            0.004753,            0.004753
                 161,            0.020877,            0.010883,          0.00077573,             0.88896,             0.86985,             0.87806,             0.53135,            0.029529,           0.0087017,             0.00156,             0.00472,             0.00472,             0.00472
                 162,            0.020552,            0.010763,          0.00084308,             0.88239,             0.88368,             0.87954,             0.53335,            0.029479,           0.0086807,           0.0017811,            0.004687,            0.004687,            0.004687
                 163,            0.020991,            0.010972,           0.0008013,              0.8846,             0.87436,              0.8838,              0.5357,              0.0291,           0.0085852,            0.001762,            0.004654,            0.004654,            0.004654
                 164,            0.020692,            0.011137,          0.00087843,             0.88953,             0.88592,             0.88425,             0.53368,            0.029268,           0.0085303,            0.001614,            0.004621,            0.004621,            0.004621
                 165,            0.020429,              0.0106,          0.00078932,             0.89775,             0.87808,             0.88685,             0.52786,            0.029481,           0.0085895,            0.001657,            0.004588,            0.004588,            0.004588
                 166,            0.020284,            0.010474,          0.00087383,             0.89143,             0.87993,             0.87166,             0.52132,             0.02958,           0.0087681,           0.0016194,            0.004555,            0.004555,            0.004555
                 167,            0.020594,            0.010399,          0.00074697,             0.88893,             0.86964,             0.87457,             0.52296,             0.02951,            0.008907,           0.0016856,            0.004522,            0.004522,            0.004522
                 168,            0.020418,            0.010684,          0.00074953,             0.89478,             0.86618,             0.88121,              0.5242,            0.029555,           0.0090166,           0.0016895,            0.004489,            0.004489,            0.004489
                 169,             0.02041,            0.010515,           0.0009457,             0.88337,               0.866,              0.8728,             0.52394,            0.029594,             0.00888,           0.0017912,            0.004456,            0.004456,            0.004456
                 170,            0.020463,            0.010687,          0.00096142,              0.8865,             0.87527,             0.87311,             0.52186,             0.02949,           0.0089403,           0.0016989,            0.004423,            0.004423,            0.004423
                 171,            0.020296,             0.01073,          0.00079495,             0.88741,             0.86913,             0.86903,             0.52552,            0.029493,           0.0088781,           0.0018563,             0.00439,             0.00439,             0.00439
                 172,            0.020043,            0.010582,          0.00076888,             0.88838,             0.86644,             0.87273,              0.5205,            0.029401,            0.008807,           0.0020811,            0.004357,            0.004357,            0.004357
                 173,            0.020116,            0.010599,          0.00080877,             0.88968,             0.86275,             0.87807,             0.52747,            0.029217,           0.0088392,           0.0017906,            0.004324,            0.004324,            0.004324
                 174,            0.019915,            0.010688,           0.0008717,             0.89292,             0.87574,              0.8757,             0.52871,            0.029369,           0.0088609,           0.0017809,            0.004291,            0.004291,            0.004291
                 175,             0.02004,            0.010405,          0.00075654,              0.8928,              0.8811,             0.89052,             0.52607,            0.029434,           0.0088636,           0.0018221,            0.004258,            0.004258,            0.004258
                 176,            0.019736,            0.010107,          0.00071991,             0.88698,             0.86877,             0.87506,             0.51961,            0.029189,           0.0088924,           0.0020355,            0.004225,            0.004225,            0.004225
                 177,            0.019513,            0.010313,          0.00076892,             0.88321,             0.87045,             0.87777,               0.524,            0.029036,           0.0089086,           0.0020783,            0.004192,            0.004192,            0.004192
                 178,            0.019565,            0.010147,          0.00080182,             0.89156,              0.8666,             0.87718,             0.52834,            0.029164,           0.0089808,           0.0021173,            0.004159,            0.004159,            0.004159
                 179,            0.019854,            0.010443,          0.00080846,             0.89106,             0.87121,             0.87911,             0.52667,            0.029157,           0.0089733,           0.0022333,            0.004126,            0.004126,            0.004126
                 180,             0.01926,           0.0099813,          0.00071291,             0.89816,             0.87619,             0.87915,             0.52555,            0.029113,           0.0088979,           0.0022325,            0.004093,            0.004093,            0.004093
                 181,            0.019442,            0.010148,          0.00065166,             0.89953,             0.87611,             0.88002,             0.52555,            0.029286,           0.0089245,           0.0018257,             0.00406,             0.00406,             0.00406
                 182,            0.019424,            0.010245,          0.00073974,             0.88929,             0.88196,             0.88553,             0.52524,            0.029533,           0.0089156,           0.0018519,            0.004027,            0.004027,            0.004027
                 183,            0.019225,           0.0099771,          0.00083378,             0.88483,             0.87212,              0.8755,             0.52007,            0.029505,           0.0090017,           0.0018589,            0.003994,            0.003994,            0.003994
                 184,            0.019566,           0.0099995,           0.0006757,             0.90163,             0.86496,             0.88436,             0.51962,            0.029599,           0.0089942,           0.0018279,            0.003961,            0.003961,            0.003961
                 185,            0.019316,           0.0099702,          0.00062271,             0.90339,             0.85646,             0.87636,             0.52593,            0.029577,           0.0091013,           0.0019599,            0.003928,            0.003928,            0.003928
                 186,            0.019538,            0.010128,          0.00065388,              0.8962,             0.87327,             0.87682,             0.52177,            0.029587,           0.0090925,           0.0022971,            0.003895,            0.003895,            0.003895
                 187,            0.019084,            0.010026,          0.00071225,             0.89443,             0.85912,             0.87441,             0.52635,            0.029586,           0.0090884,            0.002147,            0.003862,            0.003862,            0.003862
                 188,            0.019153,            0.010132,          0.00076469,             0.89568,             0.85656,             0.87644,             0.52512,             0.02962,           0.0091389,           0.0019237,            0.003829,            0.003829,            0.003829
                 189,            0.019302,            0.010156,          0.00065576,             0.90643,             0.86214,             0.88849,             0.52933,            0.029751,           0.0091667,           0.0018667,            0.003796,            0.003796,            0.003796
                 190,            0.019516,            0.010622,          0.00081974,              0.8916,             0.87089,             0.87716,             0.52826,            0.029537,           0.0088946,            0.001755,            0.003763,            0.003763,            0.003763
                 191,            0.019959,            0.010407,          0.00088546,             0.90037,             0.86299,             0.87915,             0.53053,            0.029373,           0.0088614,           0.0017326,             0.00373,             0.00373,             0.00373
                 192,            0.020063,            0.010529,          0.00076146,             0.90256,              0.8676,             0.88183,             0.53358,            0.029179,            0.008879,           0.0016331,            0.003697,            0.003697,            0.003697
                 193,            0.020305,            0.010506,          0.00091592,             0.90301,             0.87331,             0.89243,             0.53473,            0.029197,           0.0088762,           0.0018104,            0.003664,            0.003664,            0.003664
                 194,            0.019802,            0.010492,          0.00083769,             0.89383,             0.86385,             0.88843,             0.53032,            0.029257,           0.0088729,           0.0016965,            0.003631,            0.003631,            0.003631
                 195,            0.019459,            0.010613,            0.000829,             0.89732,             0.86613,             0.87897,             0.52163,            0.029364,            0.008915,           0.0017536,            0.003598,            0.003598,            0.003598
                 196,            0.019698,            0.010548,          0.00082792,             0.89842,             0.86559,             0.87915,             0.52572,            0.029238,           0.0089683,           0.0017815,            0.003565,            0.003565,            0.003565
                 197,             0.01944,            0.010505,          0.00081131,             0.89715,             0.86983,             0.87976,             0.52717,            0.029135,           0.0088602,           0.0017463,            0.003532,            0.003532,            0.003532
                 198,            0.019444,            0.010373,          0.00071798,              0.8941,             0.86677,              0.8803,             0.52989,            0.029346,           0.0089274,           0.0017932,            0.003499,            0.003499,            0.003499
                 199,            0.019339,            0.010061,          0.00076164,             0.88674,             0.88541,              0.8837,             0.53145,            0.029118,            0.008904,           0.0017423,            0.003466,            0.003466,            0.003466
                 200,            0.019294,            0.010096,          0.00080104,              0.8995,             0.87147,             0.88128,             0.53363,            0.029269,           0.0090632,           0.0018193,            0.003433,            0.003433,            0.003433
                 201,            0.019301,            0.010074,          0.00067011,             0.88228,             0.87898,             0.87795,             0.52845,            0.029492,           0.0091078,           0.0018351,              0.0034,              0.0034,              0.0034
                 202,            0.019194,             0.01013,          0.00079665,             0.88616,             0.87633,             0.87959,             0.53679,            0.029287,           0.0090826,           0.0019102,            0.003367,            0.003367,            0.003367
                 203,            0.019148,            0.010264,          0.00068819,             0.89347,             0.86309,             0.87188,             0.53053,            0.029319,            0.009031,           0.0018962,            0.003334,            0.003334,            0.003334
                 204,            0.019054,           0.0099966,          0.00071658,             0.89404,             0.86884,             0.87998,             0.53935,            0.029273,           0.0090203,           0.0019096,            0.003301,            0.003301,            0.003301
                 205,            0.019098,            0.010225,          0.00083759,             0.90361,             0.86561,             0.88355,             0.53676,            0.029227,           0.0089845,           0.0018297,            0.003268,            0.003268,            0.003268
                 206,            0.018896,            0.010334,          0.00080022,             0.89653,             0.87013,             0.88034,             0.54048,            0.029313,           0.0089611,           0.0017765,            0.003235,            0.003235,            0.003235
                 207,            0.018914,            0.010034,          0.00069065,              0.9008,             0.86361,             0.88821,             0.53431,            0.029347,           0.0090799,            0.001814,            0.003202,            0.003202,            0.003202
                 208,            0.018956,            0.010113,          0.00064486,             0.89866,             0.87562,             0.88759,             0.53293,            0.029183,            0.009017,           0.0018119,            0.003169,            0.003169,            0.003169
                 209,            0.019005,            0.010132,          0.00075202,             0.89972,             0.86535,              0.8876,             0.53224,            0.029208,           0.0089339,           0.0017618,            0.003136,            0.003136,            0.003136
                 210,            0.018849,             0.01011,          0.00082487,             0.88658,             0.86772,             0.87488,              0.5317,            0.029478,            0.009012,           0.0018643,            0.003103,            0.003103,            0.003103
                 211,            0.018662,           0.0097548,          0.00061933,             0.89258,             0.88261,             0.87977,             0.53697,            0.029361,           0.0089486,           0.0020327,             0.00307,             0.00307,             0.00307
                 212,            0.018485,           0.0097559,          0.00078528,             0.90445,             0.86468,             0.87904,             0.53442,            0.029204,           0.0091135,           0.0019994,            0.003037,            0.003037,            0.003037
                 213,            0.018697,            0.010062,          0.00073352,             0.90253,              0.8772,             0.88395,             0.53669,            0.029349,           0.0090138,           0.0018828,            0.003004,            0.003004,            0.003004
                 214,            0.018709,           0.0097512,          0.00069465,             0.89609,             0.87905,             0.88014,             0.52999,            0.029378,           0.0090275,            0.001962,            0.002971,            0.002971,            0.002971
                 215,            0.017822,           0.0094686,          0.00060102,             0.89612,             0.87785,             0.88032,             0.53061,            0.029492,           0.0091439,           0.0018549,            0.002938,            0.002938,            0.002938
                 216,            0.018313,           0.0097326,          0.00083924,             0.88566,             0.87415,             0.87477,             0.52847,            0.029405,           0.0091933,           0.0019569,            0.002905,            0.002905,            0.002905
                 217,              0.0184,           0.0094569,          0.00068341,             0.89008,             0.87783,             0.87728,             0.53239,            0.029245,           0.0091247,            0.001822,            0.002872,            0.002872,            0.002872
                 218,               0.018,           0.0097014,          0.00074571,             0.88009,              0.8727,             0.87386,             0.52715,             0.02942,           0.0090882,           0.0017024,            0.002839,            0.002839,            0.002839
                 219,            0.017951,           0.0098701,          0.00072831,             0.89292,             0.86769,             0.87755,             0.53044,            0.029332,           0.0091499,           0.0016888,            0.002806,            0.002806,            0.002806
                 220,            0.017955,           0.0094971,          0.00056698,             0.89025,             0.87941,             0.88545,             0.53053,            0.029323,            0.009226,           0.0016359,            0.002773,            0.002773,            0.002773
                 221,            0.018167,           0.0097498,           0.0005884,             0.89684,             0.87083,             0.88955,             0.53671,            0.029364,           0.0093282,           0.0016941,             0.00274,             0.00274,             0.00274
                 222,            0.018142,           0.0098377,          0.00078103,             0.88943,             0.87639,             0.88109,             0.53433,            0.029436,            0.009325,           0.0017491,            0.002707,            0.002707,            0.002707
                 223,            0.018395,            0.009731,          0.00070406,             0.88691,              0.8683,             0.87795,             0.52849,            0.029351,           0.0092909,           0.0016794,            0.002674,            0.002674,            0.002674
                 224,            0.018016,           0.0096405,          0.00067848,              0.8925,             0.86488,             0.87681,             0.52781,            0.029572,           0.0092908,           0.0017852,            0.002641,            0.002641,            0.002641
                 225,            0.017822,           0.0099335,          0.00064512,             0.89621,             0.85248,             0.87518,             0.52754,            0.029446,           0.0092897,           0.0017018,            0.002608,            0.002608,            0.002608
                 226,            0.018135,            0.010007,          0.00073819,             0.89444,             0.85844,             0.87451,              0.5294,            0.029403,           0.0091725,           0.0016452,            0.002575,            0.002575,            0.002575
                 227,            0.017777,           0.0095829,          0.00073517,             0.89282,             0.86357,             0.88665,             0.53306,            0.029397,           0.0093405,           0.0016598,            0.002542,            0.002542,            0.002542
                 228,            0.017869,           0.0099598,          0.00071886,              0.9007,             0.86077,             0.88287,              0.5367,            0.029209,           0.0093015,           0.0016909,            0.002509,            0.002509,            0.002509
                 229,            0.017714,           0.0097235,          0.00075562,             0.89309,               0.858,             0.87517,             0.54073,            0.029147,            0.009323,            0.001698,            0.002476,            0.002476,            0.002476
                 230,            0.017697,           0.0098704,          0.00078041,             0.89789,             0.87343,             0.88597,             0.53821,            0.029171,           0.0093263,           0.0017686,            0.002443,            0.002443,            0.002443
                 231,            0.017488,           0.0097029,          0.00073863,             0.89435,             0.87755,             0.89269,             0.54354,            0.029076,            0.009362,           0.0017719,             0.00241,             0.00241,             0.00241
                 232,            0.017672,           0.0094272,          0.00070661,             0.90074,             0.87806,             0.89336,             0.54049,            0.029149,            0.009413,           0.0017172,            0.002377,            0.002377,            0.002377
                 233,            0.017734,           0.0096695,          0.00072935,             0.89721,              0.8822,             0.89351,             0.54169,            0.029151,           0.0093249,           0.0016772,            0.002344,            0.002344,            0.002344
                 234,            0.017366,           0.0093855,          0.00079358,             0.88887,             0.86911,             0.88346,             0.53753,            0.029209,           0.0093867,           0.0016997,            0.002311,            0.002311,            0.002311
                 235,            0.017341,           0.0096895,          0.00071792,             0.88787,             0.87225,             0.88486,             0.53758,            0.029382,           0.0094309,           0.0017028,            0.002278,            0.002278,            0.002278
                 236,            0.017224,           0.0093978,          0.00064613,             0.89459,             0.87678,               0.889,             0.53593,             0.02954,           0.0094157,           0.0016676,            0.002245,            0.002245,            0.002245
                 237,            0.017548,           0.0095237,          0.00061469,             0.89732,             0.87224,             0.88912,             0.53968,            0.029414,           0.0093638,           0.0016568,            0.002212,            0.002212,            0.002212
                 238,            0.016453,           0.0087959,          0.00047862,             0.89105,             0.87126,              0.8844,             0.53803,            0.029569,           0.0095577,           0.0016774,            0.002179,            0.002179,            0.002179
                 239,            0.016581,           0.0089739,          0.00063958,             0.89655,             0.86913,             0.87995,             0.53526,            0.029682,           0.0097294,           0.0016699,            0.002146,            0.002146,            0.002146
                 240,             0.01633,           0.0084247,          0.00048721,             0.89901,             0.86844,             0.88606,             0.53658,            0.029666,           0.0098284,           0.0016667,            0.002113,            0.002113,            0.002113
                 241,            0.016018,           0.0084489,           0.0004914,             0.90025,             0.86729,             0.88753,             0.53911,            0.029677,           0.0098401,           0.0016488,             0.00208,             0.00208,             0.00208
                 242,            0.016092,           0.0088668,          0.00051909,             0.89929,              0.8694,             0.88727,             0.54036,            0.029412,           0.0098801,           0.0016818,            0.002047,            0.002047,            0.002047
                 243,            0.016017,           0.0085043,          0.00052858,              0.9111,             0.85921,             0.88465,             0.53706,            0.029419,           0.0098462,            0.001711,            0.002014,            0.002014,            0.002014
                 244,            0.015995,           0.0087131,          0.00055727,             0.90358,             0.86035,              0.8835,             0.53202,            0.029585,           0.0099398,           0.0016663,            0.001981,            0.001981,            0.001981
                 245,            0.015897,           0.0085989,          0.00051252,             0.89638,              0.8555,             0.87587,             0.53048,            0.029598,            0.010008,           0.0016326,            0.001948,            0.001948,            0.001948
                 246,            0.015839,           0.0085259,           0.0004646,             0.89301,             0.86231,             0.87943,             0.52888,            0.029559,           0.0099051,           0.0016769,            0.001915,            0.001915,            0.001915
                 247,            0.015899,           0.0087596,          0.00041143,             0.89985,             0.86497,             0.88408,             0.53283,            0.029577,             0.01001,           0.0016928,            0.001882,            0.001882,            0.001882
                 248,            0.015532,           0.0083965,          0.00042953,             0.89139,             0.86574,             0.87398,             0.53256,            0.029716,            0.010042,           0.0017322,            0.001849,            0.001849,            0.001849
                 249,            0.015201,            0.008213,          0.00044113,             0.89824,             0.84456,             0.87371,             0.53009,            0.029738,            0.010038,           0.0017053,            0.001816,            0.001816,            0.001816
                 250,             0.01598,           0.0085804,          0.00051514,               0.898,             0.84408,             0.87608,             0.53542,            0.029799,            0.010022,           0.0017518,            0.001783,            0.001783,            0.001783
                 251,            0.015865,           0.0082888,          0.00040529,             0.89594,             0.85134,             0.87845,             0.53532,            0.029983,            0.010021,           0.0017724,             0.00175,             0.00175,             0.00175
                 252,            0.015279,           0.0081903,          0.00047957,             0.89752,              0.8488,             0.87336,             0.53048,            0.029748,            0.010085,           0.0017779,            0.001717,            0.001717,            0.001717
                 253,            0.015318,           0.0082666,          0.00047517,             0.89641,             0.85096,             0.86947,             0.52803,            0.029697,            0.010115,           0.0018298,            0.001684,            0.001684,            0.001684
                 254,            0.015055,           0.0081817,          0.00046379,             0.89443,             0.86067,             0.86258,             0.52168,            0.029757,            0.010165,           0.0018592,            0.001651,            0.001651,            0.001651
                 255,            0.015461,            0.008186,          0.00038229,             0.89164,             0.85959,             0.86137,             0.51981,             0.02985,            0.010254,           0.0018478,            0.001618,            0.001618,            0.001618
                 256,            0.014804,           0.0078368,          0.00042934,             0.89371,             0.86356,             0.86294,             0.52013,            0.029813,            0.010237,           0.0018411,            0.001585,            0.001585,            0.001585
                 257,             0.01467,           0.0077213,          0.00033002,             0.88935,             0.86352,              0.8629,              0.5233,            0.029889,            0.010177,           0.0018208,            0.001552,            0.001552,            0.001552
                 258,            0.014964,           0.0080069,           0.0005025,             0.89128,             0.85266,             0.86199,             0.52383,            0.029948,            0.010199,           0.0017669,            0.001519,            0.001519,            0.001519
                 259,            0.015091,           0.0080562,          0.00041725,             0.89476,             0.85979,             0.86671,             0.52493,            0.029877,            0.010218,           0.0017078,            0.001486,            0.001486,            0.001486
                 260,              0.0149,            0.008274,          0.00045101,             0.90366,              0.8527,             0.86633,             0.52192,            0.029838,            0.010222,           0.0016596,            0.001453,            0.001453,            0.001453
                 261,            0.014702,           0.0078957,          0.00035577,             0.90066,             0.85976,             0.86505,             0.52484,            0.029809,            0.010216,           0.0016228,             0.00142,             0.00142,             0.00142
                 262,            0.014613,           0.0080041,          0.00038562,             0.89689,             0.86285,             0.86589,              0.5226,            0.029978,            0.010277,           0.0016437,            0.001387,            0.001387,            0.001387
                 263,            0.014318,            0.007987,          0.00037322,             0.89881,             0.86299,             0.86125,             0.51809,            0.029962,             0.01032,           0.0017458,            0.001354,            0.001354,            0.001354
                 264,            0.014501,           0.0079724,          0.00038917,             0.89587,             0.85658,              0.8627,             0.52448,            0.029827,            0.010399,           0.0017903,            0.001321,            0.001321,            0.001321
                 265,            0.014457,           0.0081507,          0.00042854,             0.89717,             0.85859,             0.86682,             0.52697,            0.029729,            0.010429,           0.0017574,            0.001288,            0.001288,            0.001288
                 266,            0.014298,           0.0078863,          0.00038124,              0.9003,             0.86024,             0.86581,             0.52702,            0.029822,             0.01042,           0.0017376,            0.001255,            0.001255,            0.001255
                 267,            0.014072,           0.0076217,          0.00040471,              0.9026,             0.85963,             0.86906,             0.52814,            0.029765,            0.010358,           0.0017012,            0.001222,            0.001222,            0.001222
                 268,            0.014418,           0.0076972,          0.00039304,             0.90257,             0.85476,             0.87363,             0.52622,            0.029816,            0.010457,           0.0017179,            0.001189,            0.001189,            0.001189
                 269,             0.01432,           0.0079509,          0.00040556,             0.89613,             0.84864,             0.86674,             0.52494,            0.029804,            0.010531,           0.0017064,            0.001156,            0.001156,            0.001156
                 270,            0.014352,           0.0077037,          0.00035726,             0.90395,             0.85698,             0.87128,             0.52345,            0.029875,            0.010637,           0.0017286,            0.001123,            0.001123,            0.001123
                 271,            0.014153,           0.0077735,          0.00047904,             0.90938,             0.85642,             0.87108,             0.52627,            0.029904,            0.010632,           0.0017475,             0.00109,             0.00109,             0.00109
                 272,            0.014188,           0.0079034,          0.00036903,             0.88756,             0.86741,             0.86927,             0.52435,            0.029986,            0.010681,           0.0017589,            0.001057,            0.001057,            0.001057
                 273,            0.013966,           0.0076964,          0.00037623,             0.89585,             0.85402,             0.86394,             0.52057,            0.030029,            0.010646,           0.0017698,            0.001024,            0.001024,            0.001024
                 274,            0.013732,             0.00769,          0.00040106,             0.89413,             0.85703,             0.86498,             0.52137,            0.030018,            0.010673,           0.0018009,            0.000991,            0.000991,            0.000991
                 275,            0.013781,           0.0077635,          0.00040259,             0.89319,             0.85554,              0.8602,             0.52234,            0.030098,            0.010702,            0.001834,            0.000958,            0.000958,            0.000958
                 276,            0.013805,           0.0075361,          0.00035439,             0.89182,             0.85523,             0.86056,             0.52277,            0.030079,            0.010765,           0.0018922,            0.000925,            0.000925,            0.000925
                 277,            0.013631,            0.007354,           0.0003343,             0.89749,             0.85581,             0.86457,             0.52338,            0.030135,            0.010764,           0.0019068,            0.000892,            0.000892,            0.000892
                 278,            0.013565,           0.0074715,           0.0003538,             0.90202,             0.85403,             0.86083,             0.52335,            0.030088,            0.010758,           0.0018863,            0.000859,            0.000859,            0.000859
                 279,            0.013342,           0.0072782,          0.00038456,             0.89879,             0.85803,              0.8593,             0.52303,            0.030139,            0.010796,           0.0018728,            0.000826,            0.000826,            0.000826
                 280,            0.013431,           0.0074381,          0.00039496,             0.90167,             0.85921,             0.86191,             0.52544,            0.030092,            0.010829,           0.0018793,            0.000793,            0.000793,            0.000793
                 281,            0.013206,           0.0072253,           0.0003265,              0.9023,             0.85637,              0.8646,             0.52484,            0.030065,            0.010853,           0.0019117,             0.00076,             0.00076,             0.00076
                 282,            0.013329,           0.0072417,          0.00032963,             0.89878,             0.85154,             0.86671,             0.52507,            0.030095,            0.010844,           0.0018773,            0.000727,            0.000727,            0.000727
                 283,            0.013369,           0.0074857,           0.0003086,             0.90634,             0.84973,             0.86786,             0.52416,            0.030159,            0.010866,           0.0017883,            0.000694,            0.000694,            0.000694
                 284,            0.013121,            0.007112,          0.00041978,              0.8872,             0.86756,             0.86693,             0.52601,            0.030105,            0.010858,           0.0017729,            0.000661,            0.000661,            0.000661
                 285,            0.013443,           0.0071812,          0.00032473,             0.89544,             0.86336,             0.86764,             0.52623,            0.030057,            0.010857,           0.0017574,            0.000628,            0.000628,            0.000628
                 286,            0.013143,           0.0070525,          0.00031495,             0.89976,             0.86154,             0.86821,             0.52528,            0.030052,            0.010882,           0.0017618,            0.000595,            0.000595,            0.000595
                 287,            0.013176,           0.0072522,          0.00026574,             0.89477,             0.85817,              0.8684,             0.52598,            0.030041,            0.010951,           0.0017951,            0.000562,            0.000562,            0.000562
                 288,            0.012785,           0.0071316,          0.00035721,             0.89869,             0.85695,             0.86395,              0.5236,            0.030055,            0.011028,           0.0018217,            0.000529,            0.000529,            0.000529
                 289,             0.01295,           0.0072143,          0.00033242,             0.90046,             0.85485,             0.86336,             0.52494,            0.030124,            0.011082,           0.0018419,            0.000496,            0.000496,            0.000496
                 290,            0.013068,            0.007178,          0.00027819,             0.89808,             0.85753,             0.86294,              0.5269,            0.030141,            0.011089,           0.0018625,            0.000463,            0.000463,            0.000463
                 291,            0.012913,           0.0072953,          0.00033579,             0.89548,             0.86379,              0.8619,             0.52818,            0.030152,            0.011053,            0.001866,             0.00043,             0.00043,             0.00043
                 292,            0.013242,           0.0072123,          0.00037088,             0.89627,             0.86015,             0.86122,             0.52882,            0.030099,            0.011024,           0.0018664,            0.000397,            0.000397,            0.000397
                 293,            0.013425,           0.0073651,          0.00030771,             0.89687,             0.85781,              0.8635,             0.52743,            0.030062,            0.010978,           0.0018515,            0.000364,            0.000364,            0.000364
                 294,            0.013466,           0.0072914,          0.00038271,             0.89288,             0.86049,             0.86415,             0.52774,            0.030094,            0.010979,           0.0018594,            0.000331,            0.000331,            0.000331
                 295,            0.013174,           0.0073343,          0.00035997,             0.89815,             0.85665,             0.86524,             0.52738,            0.030135,            0.011002,           0.0018642,            0.000298,            0.000298,            0.000298
                 296,            0.013046,           0.0074473,          0.00040144,             0.89917,             0.85822,             0.86707,             0.52875,            0.030211,            0.011028,           0.0018579,            0.000265,            0.000265,            0.000265
                 297,            0.012999,           0.0073474,           0.0003221,             0.90326,             0.85244,             0.86543,             0.52824,            0.030259,            0.011035,           0.0018505,            0.000232,            0.000232,            0.000232
                 298,            0.012788,           0.0072562,          0.00034341,              0.8977,             0.85807,             0.86533,             0.52658,            0.030291,            0.011066,           0.0018449,            0.000199,            0.000199,            0.000199
                 299,            0.012988,           0.0072726,          0.00032467,             0.89756,             0.85707,              0.8647,             0.52554,            0.030306,            0.011096,           0.0018454,            0.000166,            0.000166,            0.000166
